{"cameraMode":{"drawMode":0,"name":"Shaded","section":"Shading Mode"},"sceneLighting":true,"audioPlay":false,"sceneViewState":{"m_AlwaysRefresh":false,"showFog":true,"showSkybox":true,"showFlares":true,"showImageEffects":true,"showParticleSystems":true,"showVisualEffectGraphs":true,"m_FxEnabled":true},"in2DMode":false,"pivot":{"x":2.5883796215057375,"y":6.012962341308594,"z":8.743741035461426},"rotation":{"x":0.057847701013088229,"y":0.9382403492927551,"z":-0.19293680787086488,"w":0.28131163120269778},"size":3.3616530895233156,"orthographic":false}