{"cameraMode":{"drawMode":0,"name":"Shaded","section":"Shading Mode"},"sceneLighting":true,"audioPlay":false,"sceneViewState":{"m_AlwaysRefresh":false,"showFog":true,"showSkybox":true,"showFlares":true,"showImageEffects":true,"showParticleSystems":true,"showVisualEffectGraphs":true,"m_FxEnabled":true},"in2DMode":false,"pivot":{"x":17.816953659057618,"y":6.396442890167236,"z":0.5587978363037109},"rotation":{"x":-0.09538125991821289,"y":0.7122911214828491,"z":0.09870035946369171,"w":0.6883389353752136},"size":11.425230026245118,"orthographic":false}