{"cameraMode":{"drawMode":0,"name":"Shaded","section":"Shading Mode"},"sceneLighting":true,"audioPlay":false,"sceneViewState":{"m_AlwaysRefresh":false,"showFog":true,"showSkybox":false,"showFlares":true,"showImageEffects":true,"showParticleSystems":true,"showVisualEffectGraphs":true,"m_FxEnabled":true},"in2DMode":false,"pivot":{"x":14.989999771118164,"y":3.999999761581421,"z":7.260000228881836},"rotation":{"x":-0.06622350215911865,"y":0.9024204015731812,"z":0.1499776393175125,"w":0.39845678210258486},"size":2.2246510982513429,"orthographic":false}